{
  "mode": "commercial",
  "d": 50,
  "N": 5,
  "R": 0.3,
  "provider": "claude",
  "seed": 2,
  "flip_prob": 0.0,
  "num_tasks": 10,
  "correct": 5,
  "total": 7,
  "accuracy": 0.7142857142857143,
  "timestamp": "2026-03-07T05:58:59.086942"
}