{
  "best_val_acc": 0.9700000286102295,
  "final_val_acc": 0.9490000009536743,
  "best_in_context_acc": 0.9969000220298767,
  "final_in_context_acc": 0.996399998664856,
  "step_best_val_acc": 710,
  "steps_to_95pct_best_val_acc": 10,
  "elapsed_sec": 16.96,
  "d": 50,
  "n": 20,
  "b": 1000,
  "r_mode": "snr",
  "r_value": 0.3,
  "r_resolved": 2.1213203435596424,
  "flip_train": 0.0,
  "flip_val": 0.0,
  "steps": 1000,
  "lr": 0.01,
  "eval_every": 10,
  "log_every": 10,
  "device": "cpu",
  "seed": 0,
  "exp_name": "rq1_linear_scaling"
}